<?xml version="1.0" encoding="utf-8"?><feed xmlns="http://www.w3.org/2005/Atom" ><generator uri="https://jekyllrb.com/" version="4.1.1">Jekyll</generator><link href="/feed.xml" rel="self" type="application/atom+xml" /><link href="/" rel="alternate" type="text/html" /><updated>2020-09-30T16:24:34+05:30</updated><id>/feed.xml</id><title type="html">Varun Behera</title><subtitle>Researcher | Designer | Coder | Game Dev</subtitle><entry><title type="html">Welcome to Jekyll!</title><link href="/welcome-to-jekyll/" rel="alternate" type="text/html" title="Welcome to Jekyll!" /><published>2019-02-04T00:00:00+05:30</published><updated>2019-02-04T00:00:00+05:30</updated><id>/welcome-to-jekyll</id><content type="html" xml:base="/welcome-to-jekyll/">&lt;p&gt;You’ll find this post in your &lt;code class=&quot;language-plaintext highlighter-rouge&quot;&gt;_posts&lt;/code&gt; directory. Go ahead and edit it and re-build the site to see your changes. You can rebuild the site in many different ways, but the most common way is to run &lt;code class=&quot;language-plaintext highlighter-rouge&quot;&gt;jekyll serve&lt;/code&gt;, which launches a web server and auto-regenerates your site when a file is updated.&lt;/p&gt;

&lt;p&gt;To add new posts, simply add a file in the &lt;code class=&quot;language-plaintext highlighter-rouge&quot;&gt;_posts&lt;/code&gt; directory that follows the convention &lt;code class=&quot;language-plaintext highlighter-rouge&quot;&gt;YYYY-MM-DD-name-of-post.ext&lt;/code&gt; and includes the necessary front matter. Take a look at the source for this post to get an idea about how it works.&lt;/p&gt;

&lt;p&gt;Jekyll also offers powerful support for code snippets:&lt;/p&gt;

&lt;figure class=&quot;highlight&quot;&gt;&lt;pre&gt;&lt;code class=&quot;language-ruby&quot; data-lang=&quot;ruby&quot;&gt;&lt;span class=&quot;k&quot;&gt;def&lt;/span&gt; &lt;span class=&quot;nf&quot;&gt;print_hi&lt;/span&gt;&lt;span class=&quot;p&quot;&gt;(&lt;/span&gt;&lt;span class=&quot;nb&quot;&gt;name&lt;/span&gt;&lt;span class=&quot;p&quot;&gt;)&lt;/span&gt;
  &lt;span class=&quot;nb&quot;&gt;puts&lt;/span&gt; &lt;span class=&quot;s2&quot;&gt;&quot;Hi, &lt;/span&gt;&lt;span class=&quot;si&quot;&gt;#{&lt;/span&gt;&lt;span class=&quot;nb&quot;&gt;name&lt;/span&gt;&lt;span class=&quot;si&quot;&gt;}&lt;/span&gt;&lt;span class=&quot;s2&quot;&gt;&quot;&lt;/span&gt;
&lt;span class=&quot;k&quot;&gt;end&lt;/span&gt;
&lt;span class=&quot;n&quot;&gt;print_hi&lt;/span&gt;&lt;span class=&quot;p&quot;&gt;(&lt;/span&gt;&lt;span class=&quot;s1&quot;&gt;'Tom'&lt;/span&gt;&lt;span class=&quot;p&quot;&gt;)&lt;/span&gt;
&lt;span class=&quot;c1&quot;&gt;#=&amp;gt; prints 'Hi, Tom' to STDOUT.&lt;/span&gt;&lt;/code&gt;&lt;/pre&gt;&lt;/figure&gt;

&lt;p&gt;Check out the &lt;a href=&quot;https://jekyllrb.com/docs/home&quot;&gt;Jekyll docs&lt;/a&gt; for more info on how to get the most out of Jekyll. File all bugs/feature requests at &lt;a href=&quot;https://github.com/jekyll/jekyll&quot;&gt;Jekyll’s GitHub repo&lt;/a&gt;. If you have questions, you can ask them on &lt;a href=&quot;https://talk.jekyllrb.com/&quot;&gt;Jekyll Talk&lt;/a&gt;.&lt;/p&gt;</content><author><name>sal</name></author><category term="Jekyll" /><summary type="html">You’ll find this post in your _posts directory. Go ahead and edit it and re-build the site to see your changes. You can rebuild the site in many different ways, but the most common way is to run jekyll serve, which launches a web server and auto-regenerates your site when a file is updated.</summary><media:thumbnail xmlns:media="http://search.yahoo.com/mrss/" url="/assets/images/demo1.jpg" /><media:content medium="image" url="/assets/images/demo1.jpg" xmlns:media="http://search.yahoo.com/mrss/" /></entry><entry><title type="html">Powerful things you can do with the Markdown editor</title><link href="/powerful-things-markdown-editor/" rel="alternate" type="text/html" title="Powerful things you can do with the Markdown editor" /><published>2019-02-03T00:00:00+05:30</published><updated>2019-02-03T00:00:00+05:30</updated><id>/powerful-things-markdown-editor</id><content type="html" xml:base="/powerful-things-markdown-editor/">&lt;p&gt;There are lots of powerful things you can do with the Markdown editor. If you’ve gotten pretty comfortable with writing in Markdown, then you may enjoy some more advanced tips about the types of things you can do with Markdown!&lt;/p&gt;

&lt;p&gt;As with the last post about the editor, you’ll want to be actually editing this post as you read it so that you can see all the Markdown code we’re using.&lt;/p&gt;

&lt;h2 id=&quot;special-formatting&quot;&gt;Special formatting&lt;/h2&gt;

&lt;p&gt;As well as bold and italics, you can also use some other special formatting in Markdown when the need arises, for example:&lt;/p&gt;

&lt;ul&gt;
  &lt;li&gt;&lt;del&gt;strike through&lt;/del&gt;&lt;/li&gt;
  &lt;li&gt;==highlight==&lt;/li&gt;
  &lt;li&gt;*escaped characters*&lt;/li&gt;
&lt;/ul&gt;

&lt;h2 id=&quot;writing-code-blocks&quot;&gt;Writing code blocks&lt;/h2&gt;

&lt;p&gt;There are two types of code elements which can be inserted in Markdown, the first is inline, and the other is block. Inline code is formatted by wrapping any word or words in back-ticks, &lt;code class=&quot;language-plaintext highlighter-rouge&quot;&gt;like this&lt;/code&gt;. Larger snippets of code can be displayed across multiple lines using triple back ticks:&lt;/p&gt;

&lt;div class=&quot;language-plaintext highlighter-rouge&quot;&gt;&lt;div class=&quot;highlight&quot;&gt;&lt;pre class=&quot;highlight&quot;&gt;&lt;code&gt;.my-link {
    text-decoration: underline;
}
&lt;/code&gt;&lt;/pre&gt;&lt;/div&gt;&lt;/div&gt;

&lt;p&gt;If you want to get really fancy, you can even add syntax highlighting using Rouge.&lt;/p&gt;

&lt;p&gt;&lt;img src=&quot;/assets/images/8.jpg&quot; alt=&quot;walking&quot; /&gt;&lt;/p&gt;

&lt;h2 id=&quot;reference-lists&quot;&gt;Reference lists&lt;/h2&gt;

&lt;p&gt;The quick brown jumped over the lazy.&lt;/p&gt;

&lt;p&gt;Another way to insert links in markdown is using reference lists. You might want to use this style of linking to cite reference material in a Wikipedia-style. All of the links are listed at the end of the document, so you can maintain full separation between content and its source or reference.&lt;/p&gt;

&lt;h2 id=&quot;full-html&quot;&gt;Full HTML&lt;/h2&gt;

&lt;p&gt;Perhaps the best part of Markdown is that you’re never limited to just Markdown. You can write HTML directly in the Markdown editor and it will just work as HTML usually does. No limits! Here’s a standard YouTube embed code as an example:&lt;/p&gt;

&lt;p&gt;&lt;iframe style=&quot;width:100%;&quot; height=&quot;315&quot; src=&quot;https://www.youtube.com/embed/Cniqsc9QfDo?rel=0&amp;amp;showinfo=0&quot; frameborder=&quot;0&quot; allowfullscreen=&quot;&quot;&gt;&lt;/iframe&gt;&lt;/p&gt;</content><author><name>jane</name></author><category term="Jekyll" /><category term="tutorial" /><category term="summer" /><summary type="html">There are lots of powerful things you can do with the Markdown editor. If you’ve gotten pretty comfortable with writing in Markdown, then you may enjoy some more advanced tips about the types of things you can do with Markdown!</summary><media:thumbnail xmlns:media="http://search.yahoo.com/mrss/" url="https://images.unsplash.com/photo-1528784351875-d797d86873a1?ixlib=rb-1.2.1&amp;auto=format&amp;fit=crop&amp;w=750&amp;q=80" /><media:content medium="image" url="https://images.unsplash.com/photo-1528784351875-d797d86873a1?ixlib=rb-1.2.1&amp;auto=format&amp;fit=crop&amp;w=750&amp;q=80" xmlns:media="http://search.yahoo.com/mrss/" /></entry><entry><title type="html">The first mass-produced book to deviate from a rectilinear format</title><link href="/first-mass-produced/" rel="alternate" type="text/html" title="The first mass-produced book to deviate from a rectilinear format" /><published>2019-02-02T00:00:00+05:30</published><updated>2019-02-02T00:00:00+05:30</updated><id>/first-mass-produced</id><content type="html" xml:base="/first-mass-produced/">&lt;p&gt;The first mass-produced book to deviate from a rectilinear format, at least in the United States, is thought to be this 1863 edition of Red Riding Hood, cut into the shape of the protagonist herself with the troublesome wolf curled at her feet. Produced by the Boston-based publisher Louis Prang, this is the first in their “Doll Series”, a set of five “die-cut” books, known also as shape books — the other titles being Robinson Crusoe, Goody Two-Shoes (also written by Red Riding Hood author Lydia Very), Cinderella, and King Winter.&lt;/p&gt;

&lt;p&gt;An 1868 Prang catalogue would later claim that such “books in the shape of a regular paper Doll… originated with us”.&lt;/p&gt;

&lt;blockquote&gt;
  &lt;p&gt;It would seem the claim could also extend to die cut books in general, as we can’t find anything sooner, but do let us know in the comments if you have further light to shed on this! Such books are, of course, still popular in children’s publishing today, though the die cutting is not now limited to mere outlines, as evidenced in a beautiful 2014 version of the same Little Red Riding Hood story.&lt;/p&gt;
&lt;/blockquote&gt;

&lt;p&gt;The die cut has also been employed in the non-juvenile sphere as well, a recent example being Jonathan Safran Foer’s ambitious Tree of Codes.&lt;/p&gt;

&lt;p&gt;As for this particular rendition of Charles Perrault’s classic tale, the text and design is by Lydia Very (1823-1901), sister of Transcendentalist poet Jones Very. The gruesome ending of the original - which sees Little Red Riding Hood being gobbled up as well as her grandmother - is avoided here, the gore giving way to the less bloody aims of the morality tale, and the lesson that one should not disobey one’s mother.&lt;/p&gt;

&lt;p&gt;To deviate from a rectilinear format, at least in the United States, is thought to be this 1863 edition of Red Riding Hood, cut into the shape of the protagonist herself with the troublesome wolf curled at her feet. Produced by the Boston-based publisher Louis Prang, this is the first in their “Doll Series”, a set of five “die-cut” books, known also as shape books — the other titles being Robinson Crusoe, Goody Two-Shoes (also written by Red Riding Hood author Lydia Very), Cinderella, and King Winter.&lt;/p&gt;

&lt;p&gt;An 1868 Prang catalogue would later claim that such “books in the shape of a regular paper Doll… originated with us”.&lt;/p&gt;

&lt;blockquote&gt;
  &lt;p&gt;The claim could also extend to die cut books in general, as we can’t find anything sooner, but do let us know in the comments if you have further light to shed on this! Such books are, of course, still popular in children’s publishing today, though the die cutting is not now limited to mere outlines, as evidenced in a beautiful 2014 version of the same Little Red Riding Hood story.&lt;/p&gt;
&lt;/blockquote&gt;

&lt;p&gt;The die cut has also been employed in the non-juvenile sphere as well, a recent example being Jonathan Safran Foer’s ambitious Tree of Codes.&lt;/p&gt;

&lt;p&gt;As for this particular rendition of Charles Perrault’s classic tale, the text and design is by Lydia Very (1823-1901), sister of Transcendentalist poet Jones Very. The gruesome ending of the original - which sees Little Red Riding Hood being gobbled up as well as her grandmother - is avoided here, the gore giving way to the less bloody aims of the morality tale, and the lesson that one should not disobey one’s mother.&lt;/p&gt;</content><author><name>sal</name></author><category term="tutorial" /><category term="featured" /><summary type="html">The first mass-produced book to deviate from a rectilinear format, at least in the United States, is thought to be this 1863 edition of Red Riding Hood, cut into the shape of the protagonist herself with the troublesome wolf curled at her feet. Produced by the Boston-based publisher Louis Prang, this is the first in their “Doll Series”, a set of five “die-cut” books, known also as shape books — the other titles being Robinson Crusoe, Goody Two-Shoes (also written by Red Riding Hood author Lydia Very), Cinderella, and King Winter.</summary><media:thumbnail xmlns:media="http://search.yahoo.com/mrss/" url="/assets/images/17.jpg" /><media:content medium="image" url="/assets/images/17.jpg" xmlns:media="http://search.yahoo.com/mrss/" /></entry><entry><title type="html">Education must also train one for quick, resolute and effective thinking.</title><link href="/education/" rel="alternate" type="text/html" title="Education must also train one for quick, resolute and effective thinking." /><published>2019-02-01T00:00:00+05:30</published><updated>2019-02-01T00:00:00+05:30</updated><id>/education</id><content type="html" xml:base="/education/">&lt;p&gt;There are lots of powerful things you can do with the Markdown editor&lt;/p&gt;

&lt;p&gt;If you’ve gotten pretty comfortable with writing in Markdown, then you may enjoy some more advanced tips about the types of things you can do with Markdown!&lt;/p&gt;

&lt;p&gt;As with the last post about the editor, you’ll want to be actually editing this post as you read it so that you can see all the Markdown code we’re using.&lt;/p&gt;

&lt;h2 id=&quot;special-formatting&quot;&gt;Special formatting&lt;/h2&gt;

&lt;p&gt;As well as bold and italics, you can also use some other special formatting in Markdown when the need arises, for example:&lt;/p&gt;

&lt;ul&gt;
  &lt;li&gt;&lt;del&gt;strike through&lt;/del&gt;&lt;/li&gt;
  &lt;li&gt;==highlight==&lt;/li&gt;
  &lt;li&gt;*escaped characters*&lt;/li&gt;
&lt;/ul&gt;

&lt;h2 id=&quot;writing-code-blocks&quot;&gt;Writing code blocks&lt;/h2&gt;

&lt;p&gt;There are two types of code elements which can be inserted in Markdown, the first is inline, and the other is block. Inline code is formatted by wrapping any word or words in back-ticks, &lt;code class=&quot;language-plaintext highlighter-rouge&quot;&gt;like this&lt;/code&gt;. Larger snippets of code can be displayed across multiple lines using triple back ticks:&lt;/p&gt;

&lt;div class=&quot;language-plaintext highlighter-rouge&quot;&gt;&lt;div class=&quot;highlight&quot;&gt;&lt;pre class=&quot;highlight&quot;&gt;&lt;code&gt;.my-link {
    text-decoration: underline;
}
&lt;/code&gt;&lt;/pre&gt;&lt;/div&gt;&lt;/div&gt;

&lt;p&gt;If you want to get really fancy, you can even add syntax highlighting using Rouge.&lt;/p&gt;

&lt;p&gt;&lt;img src=&quot;/assets/images/8.jpg&quot; alt=&quot;walking&quot; /&gt;&lt;/p&gt;

&lt;h2 id=&quot;reference-lists&quot;&gt;Reference lists&lt;/h2&gt;

&lt;p&gt;The quick brown jumped over the lazy.&lt;/p&gt;

&lt;p&gt;Another way to insert links in markdown is using reference lists. You might want to use this style of linking to cite reference material in a Wikipedia-style. All of the links are listed at the end of the document, so you can maintain full separation between content and its source or reference.&lt;/p&gt;

&lt;h2 id=&quot;full-html&quot;&gt;Full HTML&lt;/h2&gt;

&lt;p&gt;Perhaps the best part of Markdown is that you’re never limited to just Markdown. You can write HTML directly in the Markdown editor and it will just work as HTML usually does. No limits! Here’s a standard YouTube embed code as an example:&lt;/p&gt;

&lt;p&gt;&lt;iframe style=&quot;width:100%;&quot; height=&quot;315&quot; src=&quot;https://www.youtube.com/embed/Cniqsc9QfDo?rel=0&amp;amp;showinfo=0&quot; frameborder=&quot;0&quot; allowfullscreen=&quot;&quot;&gt;&lt;/iframe&gt;&lt;/p&gt;</content><author><name>sal</name></author><category term="Jekyll" /><category term="tutorial" /><summary type="html">There are lots of powerful things you can do with the Markdown editor</summary><media:thumbnail xmlns:media="http://search.yahoo.com/mrss/" url="/assets/images/3.jpg" /><media:content medium="image" url="/assets/images/3.jpg" xmlns:media="http://search.yahoo.com/mrss/" /></entry><entry><title type="html">Accumulated experience of social living</title><link href="/acumulated-experience/" rel="alternate" type="text/html" title="Accumulated experience of social living" /><published>2019-01-30T00:00:00+05:30</published><updated>2019-01-30T00:00:00+05:30</updated><id>/acumulated-experience</id><content type="html" xml:base="/acumulated-experience/">&lt;p&gt;The die cut has also been employed in the non-juvenile sphere as well, a recent example being Jonathan Safran Foer’s ambitious Tree of Codes.&lt;/p&gt;

&lt;p&gt;As for this particular rendition of Charles Perrault’s classic tale, the text and design is by Lydia Very (1823-1901), sister of Transcendentalist poet Jones Very. The gruesome ending of the original - which sees Little Red Riding Hood being gobbled up as well as her grandmother - is avoided here, the gore giving way to the less bloody aims of the morality tale, and the lesson that one should not disobey one’s mother.&lt;/p&gt;

&lt;p&gt;The first mass-produced book to deviate from a rectilinear format, at least in the United States, is thought to be this 1863 edition of Red Riding Hood, cut into the shape of the protagonist herself with the troublesome wolf curled at her feet. Produced by the Boston-based publisher Louis Prang, this is the first in their “Doll Series”, a set of five “die-cut” books, known also as shape books — the other titles being Robinson Crusoe, Goody Two-Shoes (also written by Red Riding Hood author Lydia Very), Cinderella, and King Winter.&lt;/p&gt;

&lt;p&gt;An 1868 Prang catalogue would later claim that such “books in the shape of a regular paper Doll… originated with us”.&lt;/p&gt;

&lt;blockquote&gt;
  &lt;p&gt;It would seem the claim could also extend to die cut books in general, as we can’t find anything sooner, but do let us know in the comments if you have further light to shed on this! Such books are, of course, still popular in children’s publishing today, though the die cutting is not now limited to mere outlines, as evidenced in a beautiful 2014 version of the same Little Red Riding Hood story.&lt;/p&gt;
&lt;/blockquote&gt;</content><author><name>sal</name></author><category term="Jekyll" /><category term="tutorial" /><summary type="html">The die cut has also been employed in the non-juvenile sphere as well, a recent example being Jonathan Safran Foer’s ambitious Tree of Codes.</summary><media:thumbnail xmlns:media="http://search.yahoo.com/mrss/" url="/assets/images/15.jpg" /><media:content medium="image" url="/assets/images/15.jpg" xmlns:media="http://search.yahoo.com/mrss/" /></entry><entry><title type="html">About Bundler</title><link href="/about-bundler/" rel="alternate" type="text/html" title="About Bundler" /><published>2019-01-29T00:00:00+05:30</published><updated>2019-01-29T00:00:00+05:30</updated><id>/about-bundler</id><content type="html" xml:base="/about-bundler/">&lt;p&gt;&lt;code class=&quot;language-plaintext highlighter-rouge&quot;&gt;gem install bundler&lt;/code&gt; installs the bundler gem through RubyGems. You only need to install it once - not every time you create a new Jekyll project. Here are some additional details:&lt;/p&gt;

&lt;p&gt;&lt;code class=&quot;language-plaintext highlighter-rouge&quot;&gt;bundler&lt;/code&gt; is a gem that manages other Ruby gems. It makes sure your gems and gem versions are compatible, and that you have all necessary dependencies each gem requires.&lt;/p&gt;

&lt;p&gt;The &lt;code class=&quot;language-plaintext highlighter-rouge&quot;&gt;Gemfile&lt;/code&gt; and &lt;code class=&quot;language-plaintext highlighter-rouge&quot;&gt;Gemfile.lock&lt;/code&gt; files inform &lt;code class=&quot;language-plaintext highlighter-rouge&quot;&gt;Bundler&lt;/code&gt; about the gem requirements in your site. If your site doesn’t have these Gemfiles, you can omit &lt;code class=&quot;language-plaintext highlighter-rouge&quot;&gt;bundle exec&lt;/code&gt; and just &lt;code class=&quot;language-plaintext highlighter-rouge&quot;&gt;run jekyll serve&lt;/code&gt;.&lt;/p&gt;

&lt;p&gt;When you run &lt;code class=&quot;language-plaintext highlighter-rouge&quot;&gt;bundle exec jekyll serve&lt;/code&gt;, &lt;code class=&quot;language-plaintext highlighter-rouge&quot;&gt;Bundler&lt;/code&gt; uses the gems and versions as specified in &lt;code class=&quot;language-plaintext highlighter-rouge&quot;&gt;Gemfile.lock&lt;/code&gt; to ensure your Jekyll site builds with no compatibility or dependency conflicts.&lt;/p&gt;

&lt;p&gt;For more information about how to use &lt;code class=&quot;language-plaintext highlighter-rouge&quot;&gt;Bundler&lt;/code&gt; in your Jekyll project, this tutorial should provide answers to the most common questions and explain how to get up and running quickly.&lt;/p&gt;</content><author><name>sal</name></author><category term="Jekyll" /><summary type="html">gem install bundler installs the bundler gem through RubyGems. You only need to install it once - not every time you create a new Jekyll project. Here are some additional details:</summary><media:thumbnail xmlns:media="http://search.yahoo.com/mrss/" url="/assets/images/2.jpg" /><media:content medium="image" url="/assets/images/2.jpg" xmlns:media="http://search.yahoo.com/mrss/" /></entry><entry><title type="html">We all wait for summer</title><link href="/we-all-wait-for-summer/" rel="alternate" type="text/html" title="We all wait for summer" /><published>2019-01-28T00:00:00+05:30</published><updated>2019-01-28T00:00:00+05:30</updated><id>/we-all-wait-for-summer</id><content type="html" xml:base="/we-all-wait-for-summer/">&lt;p&gt;This is changed. As I engage in the so-called “bull sessions” around and about the school, I too often find that most college men have a misconception of the purpose of education. Most of the “brethren” think that &lt;a href=&quot;#&quot;&gt;education should equip&lt;/a&gt; them with the proper instruments of exploitation so that they can forever trample over the masses. Still others think that education should furnish them with noble ends rather than means to an end.&lt;/p&gt;

&lt;p&gt;It seems to me that education has a two-fold function to perform in the life of man and in society: the one is utility and the other is culture. Education must enable a man to become more efficient, to achieve with increasing facility the ligitimate goals of his life.&lt;/p&gt;</content><author><name>jane</name></author><category term="Jekyll" /><category term="tutorial" /><category term="featured" /><summary type="html">This is changed. As I engage in the so-called “bull sessions” around and about the school, I too often find that most college men have a misconception of the purpose of education. Most of the “brethren” think that education should equip them with the proper instruments of exploitation so that they can forever trample over the masses. Still others think that education should furnish them with noble ends rather than means to an end.</summary><media:thumbnail xmlns:media="http://search.yahoo.com/mrss/" url="/assets/images/1.jpg" /><media:content medium="image" url="/assets/images/1.jpg" xmlns:media="http://search.yahoo.com/mrss/" /></entry><entry><title type="html">Tree of Codes</title><link href="/tree-of-codes/" rel="alternate" type="text/html" title="Tree of Codes" /><published>2019-01-27T00:00:00+05:30</published><updated>2019-01-27T00:00:00+05:30</updated><id>/tree-of-codes</id><content type="html" xml:base="/tree-of-codes/">&lt;p&gt;The first mass-produced book to deviate from a rectilinear format, at least in the United States, is thought to be this 1863 edition of Red Riding Hood, cut into the shape of the protagonist herself with the troublesome wolf curled at her feet. Produced by the Boston-based publisher Louis Prang, this is the first in their “Doll Series”, a set of five “die-cut” books, known also as shape books — the other titles being Robinson Crusoe, Goody Two-Shoes (also written by Red Riding Hood author Lydia Very), Cinderella, and King Winter.&lt;/p&gt;

&lt;p&gt;As for this particular rendition of Charles Perrault’s classic tale, the text and design is by Lydia Very (1823-1901), sister of Transcendentalist poet Jones Very. The gruesome ending of the original — which sees Little Red Riding Hood being gobbled up as well as her grandmother — is avoided here, the gore giving way to the less bloody aims of the morality tale, and the lesson that one should not disobey one’s mother.&lt;/p&gt;

&lt;blockquote&gt;
  &lt;p&gt;It would seem the claim could also extend to die cut books in general, as we can’t find anything sooner, but do let us know in the comments if you have further light to shed on this! Such books are, of course, still popular in children’s publishing today, though the die cutting is not now limited to mere outlines, as evidenced in a beautiful 2014 version of the same Little Red Riding Hood story.&lt;/p&gt;
&lt;/blockquote&gt;

&lt;p&gt;An 1868 Prang catalogue would later claim that such “books in the shape of a regular paper Doll… originated with us”.&lt;/p&gt;

&lt;p&gt;The die cut has also been employed in the non-juvenile sphere as well, a recent example being Jonathan Safran Foer’s ambitious Tree of Codes.&lt;/p&gt;</content><author><name>sal</name></author><category term="Jekyll" /><category term="tutorial" /><summary type="html">The first mass-produced book to deviate from a rectilinear format, at least in the United States, is thought to be this 1863 edition of Red Riding Hood, cut into the shape of the protagonist herself with the troublesome wolf curled at her feet. Produced by the Boston-based publisher Louis Prang, this is the first in their “Doll Series”, a set of five “die-cut” books, known also as shape books — the other titles being Robinson Crusoe, Goody Two-Shoes (also written by Red Riding Hood author Lydia Very), Cinderella, and King Winter.</summary><media:thumbnail xmlns:media="http://search.yahoo.com/mrss/" url="/assets/images/2.jpg" /><media:content medium="image" url="/assets/images/2.jpg" xmlns:media="http://search.yahoo.com/mrss/" /></entry><entry><title type="html">Red Riding Hood</title><link href="/red-riding/" rel="alternate" type="text/html" title="Red Riding Hood" /><published>2019-01-26T00:00:00+05:30</published><updated>2019-01-26T00:00:00+05:30</updated><id>/red-riding</id><content type="html" xml:base="/red-riding/">&lt;p&gt;The first mass-produced book to deviate from a rectilinear format, at least in the United States, is thought to be this 1863 edition of Red Riding Hood, cut into the shape of the protagonist herself with the troublesome wolf curled at her feet. Produced by the Boston-based publisher Louis Prang, this is the first in their “Doll Series”, a set of five “die-cut” books, known also as shape books — the other titles being Robinson Crusoe, Goody Two-Shoes (also written by Red Riding Hood author Lydia Very), Cinderella, and King Winter.&lt;/p&gt;

&lt;p&gt;An 1868 Prang catalogue would later claim that such “books in the shape of a regular paper Doll… originated with us”.&lt;/p&gt;

&lt;blockquote&gt;
  &lt;p&gt;It would seem the claim could also extend to die cut books in general, as we can’t find anything sooner, but do let us know in the comments if you have further light to shed on this! Such books are, of course, still popular in children’s publishing today, though the die cutting is not now limited to mere outlines, as evidenced in a beautiful 2014 version of the same Little Red Riding Hood story.&lt;/p&gt;
&lt;/blockquote&gt;

&lt;p&gt;The die cut has also been employed in the non-juvenile sphere as well, a recent example being Jonathan Safran Foer’s ambitious Tree of Codes.&lt;/p&gt;

&lt;p&gt;As for this particular rendition of Charles Perrault’s classic tale, the text and design is by Lydia Very (1823-1901), sister of Transcendentalist poet Jones Very. The gruesome ending of the original — which sees Little Red Riding Hood being gobbled up as well as her grandmother — is avoided here, the gore giving way to the less bloody aims of the morality tale, and the lesson that one should not disobey one’s mother.&lt;/p&gt;</content><author><name>sal</name></author><category term="Jekyll" /><category term="tutorial" /><summary type="html">The first mass-produced book to deviate from a rectilinear format, at least in the United States, is thought to be this 1863 edition of Red Riding Hood, cut into the shape of the protagonist herself with the troublesome wolf curled at her feet. Produced by the Boston-based publisher Louis Prang, this is the first in their “Doll Series”, a set of five “die-cut” books, known also as shape books — the other titles being Robinson Crusoe, Goody Two-Shoes (also written by Red Riding Hood author Lydia Very), Cinderella, and King Winter.</summary><media:thumbnail xmlns:media="http://search.yahoo.com/mrss/" url="/assets/images/3.jpg" /><media:content medium="image" url="/assets/images/3.jpg" xmlns:media="http://search.yahoo.com/mrss/" /></entry><entry><title type="html">Press and education</title><link href="/press-and-education/" rel="alternate" type="text/html" title="Press and education" /><published>2019-01-25T00:00:00+05:30</published><updated>2019-01-25T00:00:00+05:30</updated><id>/press-and-education</id><content type="html" xml:base="/press-and-education/">&lt;p&gt;Even the press, the classroom, the platform, and the pulpit in many instances do not give us objective and unbiased truths. To save man from the morass of propaganda, in my opinion, is one of the chief aims of education. Education must enable one to sift and weigh evidence, to discern the true from the false, the real from the unreal, and the facts from the fiction.&lt;/p&gt;

&lt;p&gt;Education must also train one for quick, &lt;strong&gt;resolute and effective thinking&lt;/strong&gt;. To think incisively and to think for one’s self is very difficult.&lt;/p&gt;

&lt;blockquote&gt;
  &lt;p&gt;We are prone to let our mental life become invaded by legions of half truths, prejudices, and propaganda. At this point, I often wonder whether or not education is fulfilling its purpose. A great majority of the so-called educated people do not think logically and scientifically.&lt;/p&gt;
&lt;/blockquote&gt;

&lt;p&gt;The function of education, therefore, is to teach one to think intensively and to think critically. But education which stops with efficiency may prove the greatest menace to society. The most dangerous criminal may be the man gifted with reason, but with no morals.&lt;/p&gt;

&lt;p&gt;The late Eugene Talmadge, in my opinion, possessed one of the better minds of Georgia, or even America. Moreover, he wore the Phi Beta Kappa key. By all measuring rods, Mr. Talmadge could think critically and intensively; yet he contends that I am an inferior being. Are those the types of men we call educated?&lt;/p&gt;

&lt;p&gt;We must remember that intelligence is not enough. Intelligence plus character–that is the goal of true education. The complete education gives one not only power of concentration, but worthy objectives upon which to concentrate. The broad education will, therefore, transmit to one not only the accumulated knowledge of the race but also the accumulated experience of social living.&lt;/p&gt;</content><author><name>sal</name></author><category term="Jekyll" /><category term="tutorial" /><summary type="html">Even the press, the classroom, the platform, and the pulpit in many instances do not give us objective and unbiased truths. To save man from the morass of propaganda, in my opinion, is one of the chief aims of education. Education must enable one to sift and weigh evidence, to discern the true from the false, the real from the unreal, and the facts from the fiction.</summary><media:thumbnail xmlns:media="http://search.yahoo.com/mrss/" url="/assets/images/7.jpg" /><media:content medium="image" url="/assets/images/7.jpg" xmlns:media="http://search.yahoo.com/mrss/" /></entry></feed>